{"cameraMode":{"drawMode":0,"name":"Shaded","section":"Shading Mode"},"sceneLighting":true,"audioPlay":false,"sceneViewState":{"m_AlwaysRefresh":false,"showFog":true,"showSkybox":true,"showFlares":true,"showImageEffects":true,"showParticleSystems":true,"showVisualEffectGraphs":true,"m_FxEnabled":true},"in2DMode":false,"pivot":{"x":0.24724292755126954,"y":0.31006717681884768,"z":-0.5069646835327148},"rotation":{"x":-0.10217078030109406,"y":0.8912385106086731,"z":-0.24983623623847962,"w":-0.3644731342792511},"size":1.3500525951385499,"orthographic":false}